0x01AB8F48,Name,Description,Use Screen,When Used,Item Type,Ability 1,Ability 2,Ability 3,WeaponLockArray,Stat Boosts,Effectiveness,Uses,POW,Hit,Weight,Critical,Range,Price Per Use,Level,Icon,00=-,Additional Damage Type,WEXP Per Hit,Debuffs,IER Byte,Skill
"00 ",0x00,0x00,0x00,0x00,0x00,0x00,0x00,0x00,0x00,0x00,0x00,0x00,0x00,0x00,0x00,0x00,0x00,0x00,0x00,0x00,0x00,0x00,0x00,0x00,0x00,0x00
01 [_S][_h][_o][_r][_t][_SP][_S]w[_o][_r][_d],0x0354,0x0404,0x00,0x01,0x00,0x01,0x00,0x00,0x00,0x00,0x00,0x32,0x05,0x69,0x04,0x00,0x11,0x0A,0x01,0x00,0x00,0x00,0x01,0x00,0x00,0x00
02 [_G][_e][_r][_y][_o][_n],0x010F,0x0405,0x00,0x02,0x02,0x01,0x00,0x00,0x0A,0x01714150,0x0171F514,0x23,0x15,0x46,0x0A,0x1E,0x11,0x10,0x00,0x06,0x00,0x00,0x00,0x00,0x00,0x00
03 [_B][_r][_o][_a][_d][_s]w[_o][_r][_d],0x0356,0x0406,0x00,0x03,0x00,0x01,0x00,0x00,0x00,0x00,0x00,0x28,0x0A,0x64,0x05,0x00,0x11,0x12,0x1F,0x02,0x00,0x00,0x01,0x00,0x00,0x00
04 [_B][_a][_s][_t][_a][_r][_d][_SP][_S]w[_o][_r][_d],0x0357,0x0407,0x00,0x04,0x00,0x01,0x00,0x00,0x00,0x00,0x00,0x14,0x14,0x50,0x06,0x00,0x11,0x32,0x79,0x03,0x00,0x00,0x01,0x00,0x00,0x00
05 [_G][_r][_e][_a][_t][_s]w[_o][_r][_d],0x0358,0x0408,0x00,0x05,0x00,0x01,0x00,0x00,0x00,0x00,0x00,0x14,0x1C,0x41,0x14,0x00,0x11,0x1C,0xB5,0x05,0x00,0x00,0x02,0x00,0x00,0x00
06 [_J][_u][_b]il[_e][_x],0x010A,0x0409,0x00,0x06,0x07,0x83,0x00,0x00,0x00,0x01B93060,0x00,0x1E,0x1B,0x4B,0x1B,0x00,0x13,0x32,0x79,0x04,0x00,0x00,0x00,0x00,0x00,0xB2
07 [_O][_r][_c][_u][_s],0x010C,0x010B,0x00,0x07,0x07,0x93,0x00,0x00,0x00,0x01B93184,0x00,0x01,0x78,0x78,0x78,0x78,0x12,0x32,0xFB,0x01,0x00,0x0C,0x00,0x00,0x00,0x00
08 [_A][_n][_g][_u][_r]i[_e]l,0x0117,0x040B,0x0937,0x08,0x08,0x39,0x00,0x02,0x00,0x01BC1204,0x00,0x28,0x0E,0x78,0x08,0x32,0x11,0x00,0x00,0x07,0x00,0x00,0x00,0x00,0x00,0x04
09 M[_a][_g][_e][_SP][_P]i[_e][_r][_c][_e][_r],0x035C,0x040C,0x00,0x09,0x03,0x11,0x00,0x04,0x00,0x00,0x0171F514,0x28,0x0A,0x5A,0x05,0x0A,0x22,0x96,0x00,0x08,0x00,0x00,0x02,0x00,0x00,0x00
0A M[_a][_g][_e][_SP][_S]l[_a][_y][_e][_r],0xD7,0xD8,0x00,0x0A,0x00,0x01,0x00,0x00,0x00,0x00,0x0171F514,0x14,0x13,0x4B,0x06,0x00,0x11,0xC8,0x79,0x09,0x00,0x00,0x02,0x00,0x00,0x00
0B [_B][_r][_a][_v][_e][_SP][_S]w[_o][_r][_d],0x035D,0x0440,0x00,0x0B,0x00,0x21,0x00,0x00,0x00,0x00,0x00,0x14,0x0F,0x46,0x0A,0x00,0x11,0xFA,0xB5,0x0A,0x00,0x00,0x01,0x00,0x00,0x00
0C [_S][_h][_a]m[_s][_h]i[_r],0x035E,0x040E,0x00,0x0C,0x00,0x01,0x10,0x00,0x00,0x00,0x00,0x14,0x07,0x50,0x07,0x32,0x11,0x3C,0x1F,0xB2,0x00,0x00,0x01,0x00,0x00,0x00
0D [_K]illi[_n][_g][_SP][_E][_d][_g][_e],0x035F,0x040F,0x00,0x0D,0x00,0x01,0x00,0x00,0x00,0x00,0x00,0x14,0x0C,0x4B,0x07,0x1E,0x11,0x41,0x47,0x0C,0x00,0x00,0x01,0x00,0x00,0x00
0E [_A][_r]m[_o][_u][_r][_s]l[_a][_y][_e][_r],0x0360,0x0410,0x00,0x0E,0x00,0x01,0x00,0x00,0x00,0x00,0x01603B74,0x14,0x09,0x55,0x05,0x00,0x11,0x46,0x1F,0x0D,0x00,0x00,0x01,0x00,0x00,0x00
0F W[_y][_r]m[_s]l[_a][_y][_e][_r],0x0361,0x0411,0x00,0x0F,0x00,0x01,0x00,0x00,0x00,0x00,0x01603B84,0x14,0x0E,0x50,0x06,0x00,0x11,0x96,0x47,0x0E,0x00,0x00,0x01,0x00,0x00,0x00
10 [_L]i[_g][_h][_t][_SP][_B][_r][_a][_n][_d],0x0362,0x0412,0x00,0x10,0x00,0x41,0x00,0x00,0x00,0x00,0x00,0x14,0x17,0x4B,0x06,0x00,0x12,0x64,0x47,0x0F,0x00,0x00,0x01,0x00,0x00,0x00
11 [_R][_u][_n][_e][_s]w[_o][_r][_d],0x0363,0x0413,0x00,0x11,0x00,0x41,0x00,0x00,0x00,0x00,0x00,0x14,0x1E,0x41,0x08,0x00,0x12,0xDC,0xB5,0x10,0x00,0x02,0x01,0x00,0x00,0x00
12 [_L][_a][_n][_c][_e][_r][_e][_a][_v][_e][_r],0x0364,0x0414,0x00,0x12,0x00,0x01,0x01,0x00,0x00,0x00,0x00,0x14,0x0E,0x55,0x06,0x00,0x11,0x78,0x47,0x11,0x00,0x00,0x02,0x00,0x00,0x00
13 [_Z][_a][_n][_b][_a][_t][_o],0x0365,0x0415,0x00,0x13,0x00,0x01,0x00,0x00,0x00,0x00,0x0172BFBC,0x14,0x09,0x55,0x05,0x00,0x11,0x46,0x1F,0x12,0x00,0x00,0x01,0x00,0x00,0x00
14 [_L][_a][_n][_c][_e],0x0369,0x0419,0x00,0x14,0x01,0x01,0x00,0x00,0x00,0x00,0x00,0x32,0x07,0x5F,0x05,0x00,0x11,0x0A,0x01,0x13,0x00,0x00,0x01,0x00,0x00,0x00
15 [_R][_a][_k]i[_n][_g][_e][_n],0xF1,0x041A,0x00,0x15,0x00,0x59,0x20,0x00,0x09,0x00,0x00,0x1E,0x11,0x50,0x05,0x1E,0x11,0x0F,0x00,0x14,0x00,0x00,0x01,0x00,0x00,0x31
16 [_P]i[_k][_e],0x036B,0x041B,0x00,0x16,0x01,0x01,0x00,0x00,0x00,0x00,0x00,0x28,0x0C,0x50,0x06,0x00,0x11,0x12,0x1F,0x15,0x00,0x00,0x01,0x00,0x00,0x00
17 [_H][_a]l[_b][_e][_r][_d],0x036C,0x041C,0x00,0x17,0x01,0x01,0x00,0x00,0x00,0x00,0x00,0x14,0x16,0x46,0x08,0x00,0x11,0x32,0x79,0x16,0x00,0x00,0x01,0x00,0x00,0x00
18 Ti[_a]m[_a][_t][_SP][_B]l[_a][_d][_e],0x038E,0x0399,0x00,0x18,0x00,0x03,0x00,0x00,0x00,0x01128684,0x00,0x28,0x1E,0x55,0x0C,0x00,0x12,0x00,0xFB,0x17,0x00,0x00,0x00,0x00,0x00,0x95
19 [_B][_r][_a][_v][_e][_SP][_L][_a][_n][_c][_e],0x036E,0x0440,0x00,0x19,0x01,0x21,0x00,0x00,0x00,0x00,0x00,0x14,0x11,0x41,0x0C,0x00,0x11,0xFA,0xB5,0x18,0x00,0x00,0x01,0x00,0x00,0x00
1A [_K]ill[_e][_r][_SP][_L][_a][_n][_c][_e],0x036F,0x041F,0x00,0x1A,0x01,0x01,0x00,0x00,0x00,0x00,0x00,0x14,0x0E,0x41,0x0A,0x1E,0x11,0x3C,0x47,0x19,0x00,0x00,0x01,0x00,0x00,0x00
1B [_H][_o][_r][_s][_e][_s]l[_a][_y][_e][_r],0x0370,0x0420,0x00,0x1B,0x01,0x01,0x00,0x00,0x00,0x00,0x0172BFBC,0x14,0x0B,0x4B,0x06,0x00,0x11,0x41,0x1F,0x1A,0x00,0x00,0x01,0x00,0x00,0x00
1C [_J][_a][_v][_e]li[_n],0x0371,0x0421,0x00,0x1C,0x01,0x01,0x00,0x00,0x00,0x00,0x00,0x14,0x06,0x41,0x08,0x00,0x12,0x32,0x1F,0x1B,0x00,0x00,0x01,0x00,0x00,0x00
1D [_S][_p][_e][_a][_r],0x0101,0x0421,0x00,0x1D,0x01,0x01,0x00,0x00,0x00,0x00,0x00,0x14,0x14,0x46,0x0B,0x00,0x12,0x0258,0xB5,0x1C,0x00,0x00,0x01,0x00,0x00,0x00
1E [_A][_x][_e][_r][_e][_a][_v][_e][_r],0x0373,0x0423,0x00,0x1E,0x01,0x01,0x01,0x00,0x00,0x00,0x00,0x14,0x10,0x4B,0x09,0x00,0x11,0x82,0x47,0x1D,0x00,0x00,0x02,0x00,0x00,0x00
1F [_B][_a][_t][_t]l[_e][_SP][_A][_x][_e],0x037A,0x042A,0x00,0x1F,0x02,0x01,0x00,0x00,0x00,0x00,0x00,0x32,0x09,0x55,0x06,0x00,0x11,0x0A,0x01,0x1E,0x00,0x00,0x01,0x00,0x00,0x00
20 [_B][_r][_o][_a][_d][_SP][_A][_x][_e],0x037B,0x042B,0x00,0x20,0x02,0x01,0x00,0x00,0x00,0x00,0x00,0x28,0x0E,0x50,0x07,0x00,0x11,0x12,0x1F,0x1F,0x00,0x00,0x02,0x00,0x00,0x00
21 W[_a][_r][_SP][_A][_x][_e],0x037C,0x042C,0x00,0x21,0x02,0x01,0x00,0x00,0x00,0x00,0x00,0x14,0x18,0x3C,0x09,0x00,0x11,0x32,0x79,0x20,0x00,0x00,0x01,0x00,0x00,0x00
22 Poison Axe,0x037D,0x042D,0x00,0x22,0x02,0x01,0x00,0x00,0x00,0x00,0x00,0x28,0x04,0x3C,0x0A,0x00,0x11,0x00,0x1F,0x21,0x00,0x01,0x01,0x00,0x00,0x00
23 [_B][_r][_a][_v][_e][_SP][_A][_x][_e],0x037E,0x0440,0x00,0x23,0x02,0x21,0x00,0x00,0x00,0x00,0x00,0x14,0x13,0x3C,0x0D,0x00,0x11,0xFA,0xB5,0x22,0x00,0x00,0x01,0x00,0x00,0x00
24 [_K]ill[_e][_r][_SP][_A][_x][_e],0x037F,0x042F,0x00,0x24,0x02,0x01,0x00,0x00,0x00,0x00,0x00,0x14,0x10,0x3C,0x09,0x1E,0x11,0x32,0x47,0x23,0x00,0x00,0x01,0x00,0x00,0x00
25 [_P][_o]l[_e][_a][_x][_e],0x0380,0x0430,0x00,0x25,0x02,0x01,0x00,0x00,0x00,0x00,0x0172BFBC,0x14,0x0D,0x41,0x07,0x00,0x11,0x2D,0x1F,0x24,0x00,0x00,0x01,0x00,0x00,0x00
26 [_H][_a]mm[_e][_r],0x0381,0x0431,0x00,0x26,0x02,0x01,0x00,0x00,0x00,0x00,0x01603B74,0x14,0x0D,0x41,0x07,0x00,0x11,0x28,0x1F,0x25,0x00,0x00,0x02,0x00,0x00,0x00
27 [_D][_e][_v]il[_SP][_A][_x][_e],0x0382,0x0432,0x00,0x27,0x02,0x01,0x00,0x00,0x00,0x01C17CAC,0x00,0x1D,0x01,0x01,0x01,0x01,0x11,0x2D,0x01,0x26,0x00,0x04,0x08,0x00,0x00,0x00
28 [_H][_a][_n][_d][_SP][_A][_x][_e],0x0383,0x0433,0x00,0x28,0x02,0x01,0x00,0x00,0x00,0x00,0x00,0x14,0x08,0x3C,0x09,0x00,0x12,0x0F,0x1F,0x27,0x00,0x00,0x01,0x00,0x00,0x00
29 T[_o]m[_a][_h][_a]w[_k],0x0384,0x0434,0x00,0x29,0x02,0x01,0x00,0x00,0x00,0x00,0x00,0x14,0x1A,0x3C,0x0C,0x00,0x12,0xC8,0xB5,0x28,0x00,0x00,0x01,0x00,0x00,0x00
2A [_S]w[_o][_r][_d][_r][_e][_a][_v][_e][_r],0x0385,0x0435,0x00,0x2A,0x02,0x01,0x01,0x00,0x00,0x00,0x00,0x14,0x12,0x41,0x08,0x00,0x11,0x8C,0x47,0x29,0x00,0x00,0x02,0x00,0x00,0x00
2B [_S]w[_o][_r][_d][_s]l[_a][_y][_e][_r],0x0386,0x0436,0x00,0x2B,0x02,0x01,0x01,0x00,0x00,0x00,0x01603BBC,0x14,0x11,0x3C,0x08,0x00,0x11,0x64,0x47,0x2A,0x00,0x00,0x01,0x00,0x00,0x00
2C [_B][_o]l[_t][_SP][_A][_x][_e],0x038A,0x043A,0x00,0x2C,0x02,0x41,0x00,0x00,0x00,0x00,0x00,0x14,0x20,0x3C,0x09,0x00,0x12,0xC8,0x79,0xB9,0x00,0x00,0x01,0x00,0x00,0x00
2D W[_o][_o][_d][_e][_n][_SP][_B][_o]w,0x038B,0x043B,0x00,0x2D,0x03,0x01,0x00,0x00,0x00,0x00,0x01C01154,0x32,0x07,0x5A,0x05,0x00,0x22,0x0A,0x01,0x2B,0x00,0x00,0x01,0x00,0x00,0x00
2E [_C][_o]m[_p][_o][_u][_n][_d][_SP][_B][_o]w,0x038C,0x043B,0x00,0x2E,0x03,0x01,0x00,0x00,0x00,0x00,0x01C01154,0x28,0x0B,0x55,0x06,0x00,0x22,0x12,0x1F,0x2C,0x00,0x00,0x01,0x00,0x00,0x00
2F [_E][_x][_p][_e][_r][_t][_SP][_B][_o]w,0x038D,0x043B,0x00,0x2F,0x03,0x01,0x00,0x00,0x00,0x00,0x01C01154,0x14,0x15,0x4B,0x08,0x00,0x22,0x32,0x79,0x2D,0x00,0x00,0x01,0x00,0x00,0x00
30 [_R][_a][_d]i[_a][_n][_t][_SP][_B][_o]w,0x0922,0x043E,0x00,0x30,0x03,0x41,0x00,0x00,0x00,0x00,0x01C01154,0x28,0x19,0x55,0x05,0x00,0x12,0x00,0x47,0x2E,0x00,0x00,0x01,0x00,0x00,0x00
31 [_K]ill[_e][_r][_SP][_B][_o]w,0x038F,0x043F,0x00,0x31,0x03,0x01,0x00,0x00,0x00,0x00,0x01C01154,0x14,0x0D,0x4B,0x08,0x1E,0x22,0x46,0x47,0x2F,0x00,0x00,0x01,0x00,0x00,0x00
32 [_B][_r][_a][_v][_e][_SP][_B][_o]w,0x0390,0x0440,0x00,0x32,0x03,0x21,0x00,0x00,0x00,0x00,0x01C01154,0x14,0x10,0x3C,0x08,0x00,0x22,0xFA,0xB5,0x30,0x00,0x00,0x01,0x00,0x00,0x00
33 Mi[_n]i[_SP][_B][_o]w,0x0391,0x0441,0x00,0x33,0x03,0x01,0x00,0x00,0x00,0x00,0x01C01154,0x14,0x08,0x46,0x06,0x00,0x12,0x50,0x1F,0x31,0x00,0x00,0x02,0x00,0x00,0x00
34 [_L][_o][_n][_g][_b][_o]w,0x0392,0x0442,0x00,0x34,0x03,0x01,0x00,0x00,0x00,0x00,0x01C01154,0x14,0x08,0x3C,0x08,0x00,0x25,0x64,0x1F,0x32,0x00,0x00,0x01,0x00,0x00,0x00
35 [_B][_a]lli[_s][_t][_a],0x0393,0x0443,0x00,0x35,0x03,0x81,0x08,0x00,0x00,0x00,0x01C01154,0x0A,0x08,0x4B,0x19,0x00,0x3A,0x5A,0x00,0x33,0x00,0x00,0x00,0x00,0x00,0x00
36 [_L][_o][_n][_g][_SP][_B][_a]lli[_s][_t][_a],0x0394,0x0444,0x00,0x36,0x03,0x81,0x08,0x00,0x00,0x00,0x01C01154,0x07,0x0A,0x3C,0x1E,0x00,0x3F,0xBE,0x00,0x34,0x00,0x00,0x00,0x00,0x00,0x00
37 [_K]ill[_e][_r][_SP][_B][_a]lli[_s][_t][_a],0x0395,0x0445,0x00,0x37,0x03,0x81,0x08,0x00,0x00,0x00,0x01C01154,0x05,0x0A,0x41,0x1E,0x1E,0x3A,0x012C,0x00,0x35,0x00,0x00,0x00,0x00,0x00,0x00
38 [_F]i[_r][_e],0x03A9,0x0458,0x00,0x38,0x05,0x03,0x08,0x00,0x00,0x00,0x00,0x32,0x06,0x5F,0x02,0x00,0x12,0x0A,0x01,0x36,0x00,0x00,0x01,0x00,0x00,0x00
39 T[_h][_u][_n][_d][_e][_r],0x03AA,0x0459,0x00,0x39,0x05,0x03,0x00,0x20,0x00,0x00,0x00,0x32,0x08,0x55,0x02,0x05,0x12,0x0A,0x01,0x37,0x00,0x00,0x01,0x00,0x00,0x00
3A [_E]l[_f]i[_r][_e],0x03AB,0x045A,0x00,0x3A,0x05,0x03,0x08,0x00,0x00,0x00,0x00,0x28,0x0B,0x4B,0x03,0x00,0x12,0x12,0x1F,0x38,0x00,0x00,0x02,0x00,0x00,0x00
3B [_B][_o]l[_t]i[_n][_g],0x03AD,0x045C,0x00,0x3B,0x05,0x83,0x00,0x20,0x00,0x00,0x00,0x05,0x0F,0x46,0x19,0x05,0x3A,0x01F4,0x79,0x39,0x00,0x0C,0x01,0x00,0x00,0x00
3C [_F]im[_b][_u]l[_v][_e][_t][_r],0x03AE,0x0DB7,0x00,0x3C,0x05,0x03,0x00,0x10,0x00,0x00,0x01C01154,0x14,0x19,0x55,0x07,0x00,0x12,0x012C,0xB5,0x3A,0x00,0x00,0x01,0x00,0x00,0x00
3D [_C]i[_n][_d][_e][_r],0x040D,0x041E,0x00,0x3D,0x05,0x13,0x00,0x00,0x00,0x01C3B50C,0x00,0x2D,0x1E,0x5F,0x0A,0x00,0x12,0x00,0xFB,0x3B,0x00,0x00,0x01,0x00,0x00,0x00
3E Excalibur,0x03AF,0x045E,0x00,0x3E,0x05,0x13,0x00,0x00,0x00,0x8AEEC4,0x01603BE0,0x1E,0x12,0x5A,0x06,0x0A,0x12,0x00,0xFB,0x3C,0x00,0x00,0x01,0x00,0x00,0x00
3F [_L]i[_g][_h][_t][_n]i[_n][_g],0x03B0,0x045F,0x00,0x3F,0x06,0x03,0x00,0x00,0x00,0x01C6F03C,0x00,0x32,0x04,0x6E,0x01,0x0A,0x12,0x0A,0x01,0x3D,0x00,0x00,0x01,0x00,0x00,0x00
40 [_S][_h]i[_n][_e],0x03B1,0x0460,0x00,0x40,0x06,0x03,0x00,0x00,0x00,0x01C6F03C,0x00,0x28,0x09,0x64,0x02,0x0A,0x12,0x12,0x1F,0x3E,0x00,0x00,0x02,0x00,0x00,0x00
41 [_D]i[_v]i[_n][_e],0x03B2,0x0461,0x00,0x41,0x06,0x03,0x00,0x00,0x00,0x01772F44,0x00,0x1E,0x0E,0x5A,0x03,0x0F,0x12,0x64,0x47,0x3F,0x00,0x00,0x01,0x00,0x00,0x00
42 Purge,0x03B3,0x0462,0x00,0x42,0x06,0x83,0x00,0x00,0x00,0x01772F44,0x00,0x05,0x0A,0x4B,0x14,0x0F,0x3A,0x0258,0x79,0x40,0x00,0x00,0x03,0x00,0x00,0x00
43 [_A][_u][_r][_a],0x03B4,0x0463,0x00,0x43,0x06,0x03,0x00,0x00,0x00,0x01772F44,0x00,0x14,0x15,0x50,0x08,0x1E,0x12,0x012C,0xB5,0x41,0x00,0x00,0x01,0x00,0x00,0x00
44 Dummy,0x0403,0x04AB,0x00,0x44,0x06,0x03,0x00,0x00,0x00,0x00,0x01603B84,0x14,0x06,0x55,0x0A,0x00,0x12,0xC8,0x79,0x42,0x00,0x00,0x03,0x00,0x00,0x00
45 [_F]l[_u][_x],0x03B6,0x0109,0x00,0x45,0x07,0x83,0x00,0x00,0x00,0x00,0x00,0x28,0x14,0x55,0x14,0x00,0x12,0x19,0x1F,0x43,0x00,0x00,0x01,0x00,0x00,0x00
46 [_L][_u][_n][_a],0x03B7,0x0466,0x00,0x46,0x07,0x03,0x00,0x02,0x00,0x00,0x00,0x1E,0x00,0x46,0x00,0x00,0x12,0x8C,0x47,0x44,0x00,0x00,0x01,0x00,0x00,0x00
47 N[_o][_s][_f][_e][_r][_a][_t][_u],0x03B8,0x0467,0x00,0x47,0x07,0x03,0x00,0x00,0x00,0x00,0x00,0x14,0x12,0x41,0x12,0x00,0x12,0x03E8,0x47,0x45,0x00,0x02,0x01,0x00,0x00,0x00
48 [_H][_e]l,0x03B9,0x0468,0x00,0x48,0x07,0x83,0x00,0x00,0x00,0x00,0x00,0x1E,0xFF,0x3C,0xFF,0x00,0x12,0x0889,0x79,0x46,0x00,0x03,0x08,0x00,0x00,0x00
49 [_F][_e][_n][_r]i[_r],0x03BA,0x0469,0x00,0x49,0x07,0x83,0x00,0x00,0x00,0x00,0x00,0x14,0x23,0x46,0x23,0x00,0x12,0x01C2,0xB5,0x47,0x00,0x00,0x01,0x00,0x00,0x00
4A Gleipnir,0x03BB,0x046A,0x00,0x4A,0x07,0x13,0x00,0x00,0x00,0x8AEED0,0x00,0x1E,0x17,0x50,0x14,0x00,0x12,0x00,0xFB,0xBC,0x00,0x00,0x03,0x00,0x00,0x00
4B [_H][_e][_a]l,0x03C2,0x0471,0x04AF,0x4B,0x04,0x04,0x00,0x00,0x00,0x00,0x00,0x28,0x00,0x64,0x02,0x00,0x11,0x14,0x01,0x49,0x01,0x00,0x02,0x00,0x00,0x00
4C M[_e][_n][_d],0x03C3,0x0472,0x04B0,0x4C,0x04,0x04,0x00,0x00,0x00,0x00,0x00,0x1E,0x00,0x64,0x04,0x00,0x11,0x32,0x1F,0x4A,0x02,0x00,0x03,0x00,0x00,0x00
4D [_R][_e][_c][_o][_v][_e][_r],0x03C4,0x0473,0x04B1,0x4D,0x04,0x04,0x00,0x00,0x00,0x00,0x00,0x14,0x00,0x64,0x06,0x00,0x11,0x96,0x47,0x4B,0x03,0x00,0x03,0x00,0x00,0x00
4E [_P][_h][_y][_s]i[_c],0x03C5,0x0474,0x04B2,0x4E,0x04,0x04,0x00,0x00,0x00,0x00,0x00,0x14,0x00,0x64,0x05,0x00,0x10,0xFA,0x79,0x4C,0x04,0x00,0x03,0x00,0x00,0x00
4F [_F][_o][_r][_t]i[_f][_y],0x03C6,0x0475,0x04B3,0x4F,0x04,0x04,0x00,0x00,0x00,0x00,0x00,0x0C,0x00,0x64,0x07,0x00,0x10,0x03E8,0xB5,0x4D,0x05,0x00,0x05,0x00,0x00,0x00
50 [_R][_e][_s][_t][_o][_r][_e],0x03C7,0x0476,0x04B4,0x50,0x04,0x04,0x00,0x00,0x00,0x00,0x00,0x0F,0x00,0x64,0x04,0x00,0x18,0xC8,0x47,0x4E,0x06,0x00,0x03,0x00,0x00,0x00
51 [_S]il[_e][_n][_c][_e],0x03C8,0x0477,0x04B5,0x51,0x04,0x04,0x00,0x00,0x00,0x00,0x00,0x05,0x00,0x46,0x07,0x00,0x10,0x0190,0x79,0x4F,0x07,0x00,0x05,0x00,0x23,0x00
52 [_S]l[_e][_e][_p],0x03C9,0x0478,0x04B6,0x52,0x04,0x04,0x00,0x00,0x00,0x00,0x00,0x05,0x00,0x41,0x08,0x00,0x10,0x01F4,0x79,0x50,0x08,0x00,0x05,0x00,0x22,0x00
53 [_B][_e][_r][_s][_e][_r][_k],0x03CA,0x0479,0x04B7,0x53,0x04,0x04,0x00,0x00,0x00,0x00,0x00,0x05,0x00,0x3C,0x08,0x00,0x10,0x0258,0x79,0x51,0x09,0x00,0x05,0x00,0x14,0x00
54 Warp,0x03CB,0x047A,0x04B8,0x54,0x04,0x04,0x00,0x00,0x00,0x00,0x00,0x05,0x00,0x64,0x05,0x00,0x11,0x05DC,0xB5,0x52,0x0A,0x00,0x07,0x00,0x00,0x00
55 [_R][_e][_s][_c][_u][_e],0x03CC,0x047B,0x04B9,0x55,0x04,0x04,0x00,0x00,0x00,0x00,0x00,0x05,0x00,0x64,0x06,0x00,0x10,0x0258,0x47,0x53,0x0B,0x00,0x07,0x00,0x00,0x00
56 Torch,0x03CD,0x047C,0x04BA,0x56,0x04,0x04,0x00,0x00,0x00,0x00,0x00,0x0A,0x00,0x64,0x05,0x00,0x10,0x64,0x1F,0x54,0x0C,0x00,0x05,0x00,0x00,0x00
57 [_H][_a]mm[_e][_r][_n][_e],0x03CE,0x047D,0x04BB,0x57,0x04,0x04,0x02,0x00,0x00,0x00,0x00,0x03,0x00,0x64,0x07,0x00,0x11,0x0258,0x47,0x55,0x0D,0x00,0x08,0x00,0x00,0x00
58 [_U][_n]l[_o][_c][_k],0x03CF,0x047E,0x04BC,0x58,0x04,0x04,0x00,0x00,0x00,0x00,0x00,0x0A,0x00,0x64,0x07,0x00,0x13,0x96,0x1F,0x56,0x0E,0x00,0x05,0x00,0x00,0x00
59 [_B][_a][_r][_r]i[_e][_r],0x03D0,0x047F,0x04BD,0x59,0x04,0x04,0x00,0x00,0x00,0x00,0x00,0x0F,0x00,0x64,0x04,0x00,0x11,0x96,0x47,0x57,0x0F,0x00,0x04,0x00,0x00,0x00
5A [_D][_r][_a][_g][_o][_n][_SP][_A][_x][_e],0x0387,0x0437,0x00,0x5A,0x02,0x01,0x00,0x00,0x00,0x00,0x01603B84,0x1E,0x0C,0x3C,0x0B,0x00,0x11,0x96,0x47,0x58,0x00,0x00,0x01,0x00,0x00,0x00
5B [_A][_n][_g][_e]li[_c][_SP][_R][_o][_b][_e],0x03D4,0x0483,0x04C1,0x5B,0x09,0x00,0x00,0x00,0x00,0x8AEEDC,0x00,0x01,0x00,0x00,0x00,0x00,0x11,0x1F40,0x00,0x59,0x10,0x00,0x00,0x00,0x00,0x00
5C [_E][_n][_e][_r][_g][_y][_SP][_R]i[_n][_g],0x03D5,0x0484,0x04C2,0x5C,0x09,0x00,0x00,0x00,0x00,0x8AEEE8,0x00,0x01,0x00,0x00,0x00,0x00,0x11,0x1F40,0x00,0x5A,0x11,0x00,0x00,0x00,0x00,0x00
5D Secret Book,0x03D6,0x0485,0x04C3,0x5D,0x09,0x00,0x00,0x00,0x00,0x8AEEF4,0x00,0x01,0x00,0x00,0x00,0x00,0x11,0x1F40,0x00,0x5B,0x12,0x00,0x00,0x00,0x00,0x00
5E [_S][_p][_e][_e][_d]wi[_n][_g],0x03D7,0x0486,0x04C4,0x5E,0x09,0x00,0x00,0x00,0x00,0x8AEF00,0x00,0x01,0x00,0x00,0x00,0x00,0x11,0x1F40,0x00,0x5C,0x13,0x00,0x00,0x00,0x00,0x00
5F [_A][_s][_t][_r][_e][_a][_SP]I[_d][_o]l,0x03D8,0x0487,0x04C5,0x5F,0x09,0x00,0x00,0x00,0x00,0x8AEF0C,0x00,0x01,0x00,0x00,0x00,0x00,0x11,0x1F40,0x00,0x5D,0x14,0x00,0x00,0x00,0x00,0x00
60 Dragonshield,0x03D9,0x0488,0x04C6,0x60,0x09,0x00,0x00,0x00,0x00,0x8AEF18,0x00,0x01,0x00,0x00,0x00,0x00,0x11,0x1F40,0x00,0x5E,0x15,0x00,0x00,0x00,0x00,0x00
61 T[_a]li[_s]m[_a][_n],0x03DA,0x0489,0x04C7,0x61,0x09,0x00,0x00,0x00,0x00,0x8AEF24,0x00,0x01,0x00,0x00,0x00,0x00,0x11,0x1F40,0x00,0x5F,0x16,0x00,0x00,0x00,0x00,0x00
62 Swiftsole,0x03DB,0x048A,0x04C8,0x62,0x09,0x00,0x00,0x00,0x00,0x8AEF30,0x00,0x01,0x00,0x00,0x00,0x00,0x11,0x1F40,0x00,0x60,0x17,0x00,0x00,0x00,0x00,0x00
63 M[_a][_g][_u][_s][_SP]T[_e][_a][_r],0x03DC,0x048B,0x04C9,0x63,0x09,0x00,0x00,0x00,0x00,0x8AEF3C,0x00,0x01,0x00,0x00,0x00,0x00,0x11,0x1F40,0x00,0x61,0x18,0x00,0x00,0x00,0x00,0x00
64 [_A][_v][_a][_r]i[_c][_e],0x03DD,0x048C,0x00,0x64,0x02,0x11,0x00,0x00,0x00,0x0196D6EC,0x00,0x2D,0x1E,0x5F,0x0A,0x00,0x12,0x00,0xFB,0x0B,0x00,0x00,0x00,0x00,0x00,0x00
65 [_K][_e][_e][_p][_e][_r]'[_s][_SP][_G]l[_o]w[_e][_r],0x0135,0x0136,0x00,0x65,0x07,0x13,0x00,0x00,0x04,0x00,0x00,0x1E,0x0E,0x4B,0x0B,0x00,0x12,0x01,0x00,0x96,0x00,0x00,0x01,0x00,0x00,0x06
66 [_K][_e][_e][_p][_e][_r]'[_s][_SP][_A][_r][_c][_h],0x0137,0x0129,0x00,0x66,0x03,0x11,0x00,0x00,0x03,0x00,0x01C01154,0x1E,0x0B,0x4B,0x0A,0x28,0x22,0x46,0x00,0x98,0x00,0x00,0x01,0x00,0x00,0x00
67 [_A][_e][_g]i[_s],0x03E0,0x048F,0x04CD,0x67,0x09,0x00,0x00,0x00,0x00,0x00,0x00,0x01,0x00,0x00,0x00,0x00,0x11,0x2710,0x00,0x65,0x1C,0x00,0x00,0x00,0x0A,0x00
68 [_P]l[_u]m[_e],0x03E1,0x0490,0x04CE,0x68,0x09,0x00,0x00,0x00,0x00,0x00,0x00,0x01,0x00,0x00,0x00,0x00,0x11,0x2710,0x00,0x66,0x1D,0x00,0x00,0x00,0x0A,0x00
69 [_C][_h][_e][_s][_t][_SP][_K][_e][_y],0x03E2,0x0491,0x04CF,0x69,0x09,0x00,0x00,0x00,0x00,0x00,0x00,0x01,0x00,0x00,0x00,0x00,0x11,0x012C,0x00,0x67,0x1E,0x00,0x00,0x00,0x00,0x00
6A [_D][_o][_o][_r][_SP][_K][_e][_y],0x03E3,0x0492,0x04D0,0x6A,0x09,0x00,0x00,0x00,0x00,0x00,0x00,0x01,0x00,0x00,0x00,0x00,0x11,0x32,0x00,0x68,0x1F,0x00,0x00,0x00,0x00,0x00
6B Lockpick,0x03E4,0x0493,0x04D1,0x6B,0x09,0x00,0x00,0x00,0x00,0x00,0x00,0x0F,0x00,0x00,0x00,0x00,0x11,0x50,0x00,0x69,0x20,0x00,0x00,0x00,0x00,0x00
6C [_V][_u]l[_n][_e][_r][_a][_r][_y],0x03E5,0x0494,0x04D2,0x6C,0x09,0x00,0x00,0x00,0x00,0x00,0x00,0x05,0x00,0x00,0x00,0x00,0x11,0x64,0x00,0x6A,0x21,0x00,0x00,0x00,0x00,0x00
6D [_E]li[_x]i[_r],0x03E6,0x0495,0x04D3,0x6D,0x09,0x00,0x00,0x00,0x00,0x00,0x00,0x03,0x00,0x00,0x00,0x00,0x11,0x03E8,0x00,0x6B,0x22,0x00,0x00,0x00,0x00,0x00
6E [_P][_u][_r][_e][_SP]W[_a][_t][_e][_r],0x03E7,0x0496,0x04D4,0x6E,0x09,0x00,0x00,0x00,0x00,0x00,0x00,0x03,0x00,0x00,0x00,0x00,0x11,0x012C,0x00,0x6C,0x23,0x00,0x00,0x00,0x00,0x00
6F [_C][_o][_n][_c][_o][_c][_t]i[_o][_n],0x03E8,0x0497,0x04D5,0x6F,0x09,0x00,0x00,0x00,0x00,0x00,0x00,0x05,0x00,0x00,0x00,0x00,0x11,0xC8,0x00,0x6D,0x21,0x00,0x00,0x00,0x00,0x00
70 Torch,0x03E9,0x0498,0x04D6,0x70,0x09,0x00,0x00,0x00,0x00,0x00,0x00,0x05,0x00,0x00,0x00,0x00,0x11,0x64,0x00,0x6E,0x25,0x00,0x00,0x00,0x00,0x00
71 [_S][_k][_y][_g][_u][_a][_r][_d],0x03EA,0x0499,0x04D7,0x71,0x09,0x08,0x40,0x00,0x00,0x00,0x00,0x00,0x00,0x00,0x00,0x00,0x11,0x2710,0x00,0xDA,0x00,0x00,0x00,0x00,0x00,0x00
72 Member Card,0x03EB,0x049A,0x04D8,0x72,0x09,0x00,0x00,0x00,0x00,0x00,0x00,0x01,0x00,0x00,0x00,0x00,0x11,0x1770,0x00,0x84,0x00,0x00,0x00,0x00,0x00,0x00
73 Silver Card,0x03EC,0x049B,0x04D9,0x73,0x09,0x00,0x00,0x00,0x00,0x00,0x00,0x01,0x00,0x00,0x00,0x00,0x11,0x0FA0,0x00,0x85,0x00,0x00,0x00,0x00,0x00,0x00
74 W[_h]i[_t][_e][_SP][_G][_e]m,0x03EF,0x049E,0x00,0x74,0x09,0x00,0x00,0x00,0x00,0x00,0x00,0x01,0x00,0x00,0x00,0x00,0x11,0x4E20,0x00,0x86,0x00,0x00,0x00,0x00,0x00,0x00
75 [_B]l[_u][_e][_SP][_G][_e]m,0x03F0,0x049F,0x00,0x75,0x09,0x00,0x00,0x00,0x00,0x00,0x00,0x01,0x00,0x00,0x00,0x00,0x11,0x2710,0x00,0x87,0x00,0x00,0x00,0x00,0x00,0x00
76 [_R][_e][_d][_SP][_G][_e]m,0x03F1,0x04A0,0x00,0x76,0x09,0x00,0x00,0x00,0x00,0x00,0x00,0x01,0x00,0x00,0x00,0x00,0x11,0x1388,0x00,0x88,0x00,0x00,0x00,0x00,0x00,0x00
77 Gold,0x03F2,0x04A1,0x04DA,0x77,0x09,0x00,0x00,0x00,0x00,0x00,0x01690C20,0x01,0x00,0x00,0x00,0x00,0x11,0x00,0x00,0x89,0x00,0x00,0x00,0x00,0x00,0x00
78 [_S]wi[_f][_t][_SP][_P]i[_k][_e],0x0374,0x0424,0x00,0x78,0x01,0x11,0x00,0x08,0x00,0x018F6EEC,0x00,0x28,0x0C,0x46,0x05,0x0A,0x11,0xA0,0x00,0xB3,0x00,0x00,0x02,0x00,0x00,0x03
79 [_C][_h][_e][_s][_t][_SP][_K][_e][_y],0x03E2,0x0491,0x04CF,0x79,0x09,0x00,0x00,0x00,0x00,0x00,0x00,0x05,0x00,0x00,0x00,0x00,0x11,0x50,0x00,0x67,0x26,0x00,0x00,0x00,0x00,0x00
7A Dummy,0x0403,0x04AB,0x00,0x7A,0x09,0x00,0x00,0x00,0x00,0x00,0x00,0x01,0x00,0x00,0x00,0x00,0x11,0x01F4,0x00,0x8C,0x27,0x00,0x00,0x00,0x00,0x00
7B Dummy,0x0403,0x04AB,0x00,0x7B,0x09,0x00,0x00,0x00,0x00,0x00,0x00,0x01,0x00,0x00,0x00,0x00,0x11,0x0320,0x00,0x8D,0x28,0x00,0x00,0x00,0x00,0x00
7C [_R][_e][_s]ili[_e][_n][_t][_SP][_S][_h]i[_e]l[_d],0x03F3,0x04A4,0x04DD,0x7C,0x09,0x08,0x80,0x80,0x00,0x01B0FA08,0x00,0x00,0x00,0x00,0x00,0x00,0x11,0x1388,0x00,0xDB,0x00,0x00,0x00,0x00,0x00,0x00
7D [_A][_v][_e][_r][_n][_u][_s],0x0288,0x0468,0x00,0x7D,0x07,0x0B,0x00,0x00,0x00,0x01086248,0x00,0x14,0x1E,0x64,0x05,0x00,0x1F,0x00,0x00,0x8F,0x00,0x00,0x00,0x00,0x00,0x00
7E [_H][_e][_a]li[_n][_g][_SP][_S][_a]l[_v][_e],0x50,0x51,0x51,0x7E,0x04,0x0C,0x10,0x00,0x06,0x00,0x00,0x1E,0x00,0x64,0x02,0x00,0x11,0x00,0x00,0x90,0x01,0x00,0x00,0x00,0x00,0x00
7F W[_a][_r][_d],0x083B,0x083C,0x00,0x7F,0x04,0x14,0x18,0x00,0x00,0x00,0x00,0x0C,0x00,0x00,0x00,0x00,0x10,0x00,0x00,0x91,0x2A,0x00,0x00,0x00,0x16,0x00
80 Dummy,0x0403,0x04AB,0x00,0x80,0x0C,0x00,0x02,0x00,0x00,0x00,0x00,0x0F,0x00,0x00,0x00,0x00,0x11,0x00,0x00,0x92,0x2C,0x00,0x00,0x00,0x00,0x00
81 M[_u][_r][_a][_s][_a]m[_a],0x02D0,0x02BB,0x00,0x81,0x08,0x19,0x80,0x00,0x00,0x01B2DBFC,0x00,0x3C,0x19,0x64,0x07,0x19,0x11,0x00,0x00,0x9A,0x00,0x00,0x00,0x00,0x00,0x30
82 Bright Lance,0x03A5,0x0455,0x00,0x82,0x05,0x01,0x00,0x00,0x00,0x00,0x01603BE0,0x3C,0x07,0x50,0x08,0x05,0x11,0x00,0x01,0xCB,0x00,0x00,0x01,0x00,0x00,0x00
83 Fiendcleaver,0x03A6,0x0456,0x00,0x83,0x02,0x01,0x00,0x00,0x00,0x00,0x01603BE0,0x3C,0x08,0x4B,0x0A,0x05,0x11,0x00,0x01,0x95,0x00,0x00,0x01,0x00,0x00,0x00
84 Beacon Bow,0x03A7,0x0457,0x00,0x84,0x03,0x01,0x00,0x00,0x00,0x00,0x01603C00,0x3C,0x08,0x55,0x05,0x05,0x23,0x00,0x01,0x96,0x00,0x00,0x01,0x00,0x00,0x00
85 Sieglinde,0x0366,0x0416,0x00,0x85,0x00,0x11,0x00,0x04,0x00,0x8AEF48,0x01603BE0,0x1E,0x10,0x5A,0x09,0x00,0x11,0x00,0x00,0xB0,0x00,0x00,0x01,0x00,0x00,0x00
86 Battle Axe,0x0388,0x0439,0x00,0x86,0x02,0x01,0x00,0x00,0x00,0x00,0x00,0x14,0x0D,0x3C,0x0F,0x05,0x11,0x32,0x79,0xB8,0x00,0x00,0x01,0x00,0x00,0x00
87 [_S][_t][_a][_r]li[_g][_h][_t],0x03B5,0x0464,0x00,0x87,0x0B,0x1B,0x00,0x00,0x0A,0x8AEF54,0x00,0x1E,0x19,0x5A,0x06,0x0A,0x12,0x00,0x00,0xBB,0x00,0x02,0x01,0x00,0x00,0x00
88 Master Seal,0x03F4,0x04A5,0x04DE,0x88,0x09,0x00,0x00,0x00,0x00,0x00,0x00,0x01,0x00,0x00,0x00,0x00,0x11,0x4E20,0x00,0xD9,0x2D,0x00,0x00,0x00,0x05,0x00
89 [_O]l[_d][_SP][_P]l[_u][_s][_h],0x03F5,0x04A6,0x04DF,0x89,0x09,0x00,0x00,0x00,0x00,0x0159C86C,0x00,0x01,0x00,0x00,0x00,0x00,0x00,0x00,0x00,0xDC,0x00,0x00,0x00,0x00,0x00,0x00
8A Dummy,0x0403,0x04AB,0x00,0x8A,0x09,0x00,0x00,0x00,0x00,0x00,0x00,0x01,0x00,0x00,0x00,0x00,0x11,0x4E20,0x00,0x9C,0x2F,0x00,0x00,0x00,0x01,0x00
8B [_S][_h][_a][_r][_p][_SP][_C]l[_a]w,0x039D,0x044D,0x00,0x8B,0x0B,0x09,0x04,0x00,0x00,0x00,0x00,0x00,0x0E,0x41,0x0E,0x00,0x11,0x00,0x00,0xD0,0x00,0x00,0x00,0x00,0x00,0x00
8C Latona,0x03D1,0x0480,0x04BE,0x8C,0x04,0x14,0x00,0x00,0x00,0x00,0x00,0x03,0x00,0x64,0x05,0x00,0xFF,0x00,0xFB,0xC3,0x00,0x00,0x01,0x00,0x00,0x00
8D [_D][_r][_a][_g][_o][_n][_p]i[_k][_e],0x0377,0x0427,0x00,0x8D,0x01,0x01,0x00,0x00,0x00,0x00,0x01603B84,0x14,0x10,0x46,0x08,0x00,0x11,0x96,0x47,0xB6,0x00,0x00,0x01,0x00,0x00,0x00
8E [_C][_e][_r][_e][_s],0x0376,0x0426,0x00,0x8E,0x01,0x11,0x00,0x00,0x00,0x8AEF60,0x00,0x2D,0x1E,0x5F,0x0A,0x00,0x11,0x00,0xFB,0xB5,0x00,0x00,0x01,0x00,0x00,0x00
8F T[_a][_r][_t][_a][_r][_u][_s],0x083A,0x0468,0x00,0x8F,0x07,0x0B,0x00,0x00,0x00,0x01086248,0x00,0x14,0x32,0x64,0x05,0x00,0x13,0x00,0x00,0xA1,0x00,0x00,0x00,0x00,0x00,0x00
90 W[_r][_e][_t][_c][_h][_e][_d][_SP][_A]i[_r],0x0397,0x0447,0x04AC,0x90,0x0B,0x09,0x04,0x02,0x00,0x8AEF6C,0x00,0x00,0x14,0x64,0x00,0x00,0x13,0x00,0x00,0x79,0x00,0x00,0x00,0x00,0x00,0x00
91 [_C][_r][_y][_o][_n]i[_v][_a],0x0367,0x0417,0x00,0x91,0x00,0x11,0x00,0x00,0x00,0x01C38820,0x00,0x2D,0x1E,0x5F,0x0A,0x00,0x11,0x00,0xFB,0xB1,0x00,0x00,0x01,0x00,0x00,0x00
92 [_G][_u][_n][_g][_n]i[_r],0x0375,0x0425,0x00,0x92,0x01,0x11,0x00,0x08,0x00,0x8AEF84,0x01603B74,0x3C,0x1E,0x69,0x0F,0x0F,0x11,0x00,0xFB,0xB4,0x21,0x00,0x08,0x00,0x00,0x95
93 Garm,0x0389,0x0438,0x00,0x93,0x02,0x11,0x00,0x00,0x00,0x8AEF90,0x01603BE0,0x1E,0x14,0x4B,0x0D,0x00,0x11,0x00,0xFB,0xB7,0x00,0x00,0x01,0x00,0x00,0x00
94 Nidhogg,0x0396,0x0446,0x00,0x94,0x03,0x11,0x00,0x00,0x00,0x8AEF9C,0x01603C00,0x1E,0x14,0x50,0x07,0x00,0x23,0x00,0xFB,0xBA,0x00,0x00,0x01,0x00,0x00,0x00
95 [_A][_r]m[_o][_u][_r][_SP][_C][_r][_u][_s][_h][_e][_r],0x0378,0x0431,0x00,0x95,0x01,0x01,0x00,0x00,0x00,0x00,0x01603B74,0x14,0x0B,0x4B,0x06,0x00,0x11,0x4B,0x1F,0xA7,0x00,0x00,0x02,0x00,0x00,0x00
96 [_S][_h][_o][_r][_t][_SP][_S][_p][_e][_a][_r],0x0379,0x0429,0x00,0x96,0x01,0x01,0x00,0x00,0x00,0x00,0x00,0x14,0x0E,0x3C,0x09,0x00,0x12,0x32,0x47,0xA8,0x00,0x00,0x01,0x00,0x00,0x00
97 Zealot's Proof,0x03F6,0x04A7,0x04A7,0x97,0x09,0x10,0x00,0x00,0x00,0x00,0x00,0x01,0x00,0x00,0x00,0x00,0x11,0x00,0x00,0xA9,0x30,0x00,0x00,0x00,0x0A,0x00
98 Seal of Honour,0x03F7,0x04A8,0x04E1,0x98,0x09,0x10,0x00,0x00,0x00,0x00,0x00,0x01,0x00,0x00,0x00,0x00,0x11,0x00,0x00,0xD8,0x31,0x00,0x00,0x00,0x0A,0x00
99 Dark Seal,0x03F8,0x04A9,0x04E2,0x99,0x09,0x10,0x00,0x00,0x00,0x00,0x00,0x01,0x00,0x00,0x00,0x00,0x11,0x00,0x00,0xD7,0x32,0x00,0x00,0x00,0x0A,0x00
9A [_A][_b][_y][_s][_s],0x03F9,0xEB,0x04DA,0x9A,0x07,0x1B,0xA1,0x48,0x00,0x00,0x00,0x01,0x10,0x5A,0x00,0x0A,0x12,0x00,0x00,0x94,0x00,0x00,0x05,0x00,0x00,0x8C
9B Mi[_n][_o][_r][_SP][_B]li[_g][_h][_t],0x03FA,0xEC,0x04DA,0x9B,0x06,0x13,0x21,0x08,0x00,0x01C6F03C,0x00,0x28,0x0C,0x64,0x03,0x00,0x12,0x01,0x00,0x95,0x00,0x00,0x01,0x00,0x00,0x25
9C 10 Gold,0x03FB,0x04A1,0x04DA,0x9C,0x09,0x00,0x00,0x00,0x00,0x00,0x00,0x01,0x00,0x00,0x00,0x00,0x11,0x0A,0x00,0x89,0x00,0x00,0x00,0x00,0x00,0x00
9D 50 Gold,0x03FC,0x04A1,0x04DA,0x9D,0x09,0x00,0x00,0x00,0x00,0x00,0x00,0x01,0x00,0x00,0x00,0x00,0x11,0x32,0x00,0x89,0x00,0x00,0x00,0x00,0x00,0x00
9E 100 Gold,0x03FD,0x04A1,0x04DA,0x9E,0x09,0x00,0x00,0x00,0x00,0x00,0x00,0x01,0x00,0x00,0x00,0x00,0x11,0x64,0x00,0x89,0x00,0x00,0x00,0x00,0x00,0x00
"9F 3,000 Gold",0x0400,0x04A1,0x04DA,0x9F,0x09,0x00,0x00,0x00,0x00,0x00,0x00,0x01,0x00,0x00,0x00,0x00,0x11,0x0BB8,0x00,0x89,0x00,0x00,0x00,0x00,0x00,0x00
A0 [_P][_h][_e][_o][_n]i[_x],0x0121,0x0129,0x00,0xA0,0x03,0x11,0x00,0x00,0x00,0x0192FF90,0x01C01154,0x23,0x1E,0x55,0x07,0x1E,0x22,0x46,0xFB,0x70,0x00,0x00,0x01,0x00,0x00,0x1C
A1 Wi[_n][_d][_SP][_S]w[_o][_r][_d],0x0368,0x0418,0x00,0xA1,0x00,0x41,0x00,0x00,0x00,0x00,0x01C01154,0x28,0x1C,0x4B,0x09,0x00,0x12,0xC8,0x79,0xAA,0x00,0x00,0x01,0x00,0x00,0x00
A2 [_V][_u]l[_n][_e][_r][_a][_r][_y],0x03E5,0x0494,0x04D2,0xA2,0x09,0x00,0x00,0x00,0x00,0x00,0x00,0x3C,0x00,0x00,0x00,0x00,0x11,0x64,0x00,0x6A,0x33,0x00,0x00,0x00,0x00,0x00
A3 Divinestone,0x0DAC,0x0DB0,0x04AD,0xA3,0x0B,0x11,0x04,0x00,0x00,0x014A32AC,0x01603BE0,0x32,0x12,0x64,0x00,0x00,0x11,0x00,0x00,0xAB,0x00,0x00,0x00,0x00,0x00,0x00
A4 Earthstone,0x0DAD,0x0DB0,0x04AD,0xA4,0x0B,0x11,0x04,0x00,0x00,0x014A32C0,0x00,0x32,0x14,0x46,0x00,0x00,0x12,0x00,0x00,0xAC,0x00,0x00,0x00,0x00,0x00,0x00
A5 Dance,0x03D2,0x0481,0x04BF,0xA5,0x0C,0x00,0x00,0x00,0x00,0x00,0x00,0x00,0x00,0x00,0x00,0x00,0x11,0x00,0x00,0x00,0x00,0x00,0x00,0x00,0x00,0x00
A6 Nightmare,0x039C,0x044C,0x00,0xA6,0x04,0x04,0x00,0x00,0x00,0x8AEFA8,0x00,0x01,0x00,0x46,0x08,0x00,0x13,0x00,0x00,0xC7,0x00,0x00,0x00,0x00,0x00,0x00
A7 [_S]i[_s][_y][_p][_h][_u][_s],0x65,0x74,0x00,0xA7,0x07,0x03,0x01,0x00,0x00,0x00,0x00,0x19,0x19,0x46,0x19,0x00,0x12,0x012C,0xB5,0x97,0x00,0x02,0x04,0x00,0x00,0xA0
A8 Demon Light,0x039A,0x044A,0x00,0xA8,0x0B,0x09,0x04,0x00,0x00,0x8AEFB4,0x00,0x00,0x0F,0x3C,0x00,0x00,0x13,0x00,0x00,0xC5,0x00,0x00,0x00,0x00,0x00,0x00
A9 Ravager,0x039B,0x044B,0x00,0xA9,0x0B,0x09,0x04,0x00,0x00,0x8AEFC0,0x00,0x00,0x0F,0x55,0x00,0x0A,0x11,0x00,0x00,0xC6,0x00,0x00,0x00,0x00,0x00,0x00
AA [_D][_r][_a][_g][_o][_n][_s][_t][_o][_n][_e],0x0398,0x0448,0x04AD,0xAA,0x0B,0x11,0x04,0x00,0x00,0x8AEFCC,0x01603BE0,0x32,0x10,0x64,0x00,0x0F,0x11,0x00,0x00,0xC4,0x00,0x00,0x00,0x00,0x00,0x00
AB Demon Surge,0x03C0,0x046F,0x00,0xAB,0x07,0x0B,0x00,0x00,0x00,0x00,0x00,0x00,0x0B,0x50,0x0A,0x00,0x12,0x00,0x00,0xC1,0x00,0x00,0x00,0x00,0x00,0x00
AC Shadowshot,0x03C1,0x0470,0x00,0xAC,0x07,0x83,0x00,0x00,0x00,0x00,0x00,0x05,0x0D,0x46,0x14,0x05,0x3A,0x00,0x00,0xC2,0x00,0x00,0x00,0x00,0x00,0x00
AD [_R][_o][_t][_t][_e][_n][_SP][_C]l[_a]w,0x039E,0x044E,0x00,0xAD,0x0B,0x09,0x04,0x00,0x00,0x00,0x00,0x00,0x0A,0x6E,0x08,0x00,0x11,0x00,0x00,0xD1,0x00,0x00,0x00,0x00,0x00,0x00
AE [_F][_e][_t]i[_d][_SP][_C]l[_a]w,0x039F,0x044F,0x00,0xAE,0x0B,0x09,0x04,0x00,0x00,0x00,0x00,0x00,0x12,0x6E,0x07,0x00,0x11,0x00,0x00,0xD2,0x00,0x00,0x00,0x00,0x00,0x00
AF [_P][_o]i[_s][_o][_n][_SP][_C]l[_a]w,0x03A0,0x0450,0x00,0xAF,0x0B,0x09,0x04,0x00,0x00,0x00,0x00,0x00,0x08,0x4B,0x0A,0x00,0x11,0x00,0x00,0xD3,0x00,0x01,0x00,0x00,0x00,0x00
B0 [_L][_e][_t][_h][_a]l[_SP]T[_a]l[_o][_n],0x03A1,0x0451,0x00,0xB0,0x0B,0x09,0x04,0x00,0x00,0x00,0x00,0x00,0x10,0x4B,0x0C,0x00,0x11,0x00,0x00,0xD4,0x00,0x01,0x00,0x00,0x00,0x00
B1 [_F]i[_e][_r][_y][_SP][_F][_a][_n][_g],0x03A2,0x0452,0x00,0xB1,0x0B,0x09,0x04,0x00,0x00,0x00,0x00,0x00,0x09,0x5A,0x05,0x00,0x11,0x00,0x00,0xD5,0x00,0x00,0x00,0x00,0x00,0x00
B2 [_H][_e]ll[_f][_a][_n][_g],0x03A3,0x0453,0x00,0xB2,0x0B,0x09,0x04,0x00,0x00,0x00,0x00,0x00,0x10,0x50,0x08,0x00,0x11,0x00,0x00,0xD6,0x00,0x00,0x00,0x00,0x00,0x00
B3 [_E][_v]il[_SP][_E][_y][_e],0x03BE,0x046D,0x00,0xB3,0x07,0x0B,0x00,0x00,0x00,0x00,0x00,0x00,0x0D,0x55,0x0D,0x00,0x12,0x00,0x00,0xBE,0x00,0x00,0x00,0x00,0x00,0x00
B4 [_C][_r]im[_s][_o][_n][_SP][_E][_y][_e],0x03BF,0x046E,0x00,0xB4,0x07,0x0B,0x00,0x00,0x00,0x00,0x00,0x00,0x14,0x46,0x14,0x00,0x12,0x00,0x00,0xBF,0x00,0x00,0x00,0x00,0x00,0x00
B5 Stone,0x03BD,0x046C,0x00,0xB5,0x07,0x03,0x00,0x00,0x00,0x00,0x00,0x05,0x00,0x41,0x08,0x00,0x13,0x00,0x00,0xC0,0x00,0x05,0x05,0x00,0x00,0x00
B6 Aircalibur,0x03AC,0x0DB7,0x00,0xB6,0x05,0x03,0x00,0x10,0x00,0x00,0x01C01154,0x14,0x08,0x55,0x02,0x00,0x12,0x37,0x79,0xEE,0x00,0x00,0x01,0x00,0x00,0x00
B7 Juna Fruit,0x0402,0x04AA,0x04E3,0xB7,0x09,0x00,0x00,0x00,0x00,0x00,0x00,0x01,0x00,0x00,0x00,0x00,0x11,0x00,0x00,0xDD,0x36,0x00,0x00,0x00,0x00,0x00
B8 150 Gold,0x03FE,0x04A1,0x04DA,0xB8,0x09,0x00,0x00,0x00,0x00,0x00,0x00,0x01,0x00,0x00,0x00,0x00,0x11,0x96,0x00,0x89,0x00,0x00,0x00,0x00,0x00,0x00
B9 200 Gold,0x03FF,0x04A1,0x04DA,0xB9,0x09,0x00,0x00,0x00,0x00,0x00,0x00,0x01,0x00,0x00,0x00,0x00,0x11,0xC8,0x00,0x89,0x00,0x00,0x00,0x00,0x00,0x00
BA Black Gem,0x03EE,0x049D,0x00,0xBA,0x09,0x00,0x00,0x00,0x00,0x00,0x00,0x01,0x00,0x00,0x00,0x00,0x11,0x7530,0x00,0xC8,0x00,0x00,0x00,0x00,0x00,0x00
BB Gold Gem,0x03ED,0x049C,0x00,0xBB,0x09,0x00,0x00,0x00,0x00,0x00,0x00,0x01,0x00,0x00,0x00,0x00,0x11,0x9C40,0x00,0xC9,0x00,0x00,0x00,0x00,0x00,0x00
BC Resire,0x0DAB,0x0467,0x00,0xBC,0x06,0x03,0x00,0x00,0x00,0x00,0x00,0x19,0x09,0x5A,0x07,0x0F,0x12,0xA0,0xB5,0xAD,0x00,0x02,0x01,0x00,0x00,0x00
BD Magestone,0x0DAE,0x0DB0,0x04AD,0xBD,0x0B,0x11,0x04,0x00,0x00,0x014A32D4,0x00,0x32,0x0F,0x55,0x00,0x00,0x12,0x00,0x00,0xAE,0x00,0x00,0x00,0x00,0x00,0x00
BE Icestone,0x0DAF,0x0DB0,0x04AD,0xBE,0x0B,0x11,0x04,0x00,0x00,0x014A32E8,0x00,0x32,0x0F,0x55,0x00,0x00,0x12,0x00,0x00,0xAF,0x00,0x00,0x00,0x00,0x00,0x00
BF T[_r][_a]i[_n]i[_n][_g][_SP][_K][_n]i[_f][_e],0x0DB1,0x012B,0x00,0xBF,0x00,0x19,0x00,0x00,0x08,0x00,0x00,0x28,0x00,0x78,0x04,0xFF,0x12,0x00,0x00,0xCC,0x00,0x00,0x01,0x00,0x00,0x00
C0 [_P][_r]i[_s]m[_SP][_E][_d][_g][_e],0x0DB2,0x083E,0x00,0xC0,0x00,0x19,0x00,0x00,0x08,0x01C2C82C,0x00,0x23,0x1A,0x55,0x07,0x1E,0x12,0x00,0xFB,0xCD,0x00,0x00,0x01,0x00,0x00,0x31
C1 Silver GrtLnc,0x0DB3,0x0404,0x00,0xC1,0x01,0x01,0x00,0x00,0x00,0x00,0x00,0x1E,0x15,0x32,0x10,0x00,0x11,0x00,0xB5,0xCD,0x00,0x00,0x01,0x00,0x00,0x00
C2 Wi[_n][_d],0x0DB4,0x0DB7,0x00,0xC2,0x05,0x03,0x00,0x10,0x00,0x00,0x01C01154,0x32,0x05,0x69,0x03,0x00,0x12,0x0A,0x01,0xCE,0x00,0x00,0x01,0x00,0x00,0x00
C3 [_E]lwi[_n][_d],0x0DB5,0x0DB7,0x00,0xC3,0x05,0x03,0x00,0x10,0x00,0x00,0x01C01154,0x28,0x0A,0x64,0x04,0x00,0x12,0x12,0x1F,0xCF,0x00,0x00,0x02,0x00,0x00,0x00
C4 [_A][_r][_c]wi[_n][_d],0x0DB6,0x0DB7,0x00,0xC4,0x05,0x03,0x00,0x10,0x00,0x00,0x01C01154,0x1E,0x0F,0x5F,0x05,0x00,0x12,0x23,0x47,0xDE,0x00,0x00,0x04,0x00,0x00,0x00
C5 T[_o][_r][_n][_a][_d][_o],0x0DB8,0x0DB7,0x00,0xC5,0x05,0x03,0x00,0x10,0x00,0x00,0x01C01154,0x14,0x14,0x55,0x06,0x00,0x12,0x64,0x79,0xDF,0x00,0x00,0x04,0x00,0x00,0x00
C6 T[_e]m[_p][_e][_s][_t],0x0DB9,0x0DC2,0x00,0xC6,0x05,0x83,0x00,0x10,0x00,0x00,0x01C01154,0x05,0x0B,0x55,0x19,0x00,0x3A,0x012C,0x79,0xE0,0x00,0x0C,0x04,0x00,0x00,0x00
C7 [_S][_a][_g]i[_t][_t][_a][_e],0x0DBA,0x0113,0x00,0xC7,0x05,0x03,0x00,0x00,0x00,0x00,0x00,0x14,0x12,0x46,0x06,0x1E,0x13,0x64,0x79,0xE1,0x00,0x00,0x00,0x00,0x00,0x00
C8 [_E]l[_t][_h][_u][_n][_d][_e][_r],0x0DBC,0x02B7,0x00,0xC8,0x05,0x03,0x00,0x20,0x00,0x00,0x00,0x28,0x0D,0x55,0x06,0x00,0x12,0x12,0x1F,0xE2,0x00,0x00,0x02,0x00,0x00,0x00
C9 [_A][_r][_c][_t][_h][_u][_n][_d][_e][_r],0x0DBD,0x02B7,0x00,0xC9,0x05,0x03,0x00,0x20,0x00,0x00,0x00,0x1E,0x12,0x50,0x07,0x00,0x12,0x23,0x47,0xE3,0x00,0x00,0x02,0x00,0x00,0x00
CA T[_h][_o][_r][_o][_n],0x0DBE,0x0211,0x00,0xCA,0x05,0x03,0x00,0x20,0x00,0x00,0x00,0x14,0x19,0x3C,0x07,0x23,0x12,0x64,0xB5,0xE4,0x00,0x00,0x04,0x00,0x00,0x00
CB [_A][_r][_c][_f]i[_r][_e],0x0DBF,0x045A,0x00,0xCB,0x05,0x03,0x08,0x00,0x00,0x00,0x00,0x1E,0x10,0x5A,0x03,0x00,0x12,0x23,0x47,0xE5,0x00,0x00,0x04,0x00,0x00,0x00
CC [_B][_o]l[_g][_a][_n][_o][_n][_e],0x0DC0,0x045A,0x00,0xCC,0x05,0x03,0x08,0x00,0x00,0x00,0x00,0x14,0x0D,0x50,0x05,0x0A,0x12,0x3C,0xB5,0xE6,0x00,0x00,0x04,0x00,0x00,0x00
CD M[_e][_t][_e][_o][_r],0x0DC1,0x0DC3,0x00,0xCD,0x05,0x93,0x08,0x00,0x00,0x00,0x00,0x05,0x12,0x46,0x19,0x00,0x3A,0x01F4,0x79,0xE7,0x00,0x0C,0x01,0x00,0x00,0x00
CE Prism,0x0DC4,0x0461,0x00,0xCE,0x06,0x03,0x00,0x00,0x00,0x00,0x00,0x14,0x0B,0x5A,0x05,0x0F,0x12,0x78,0x79,0xE8,0x00,0x00,0x01,0x00,0x00,0x00
CF Judgement,0x0DC5,0x0DC6,0x00,0xCF,0x06,0x03,0x00,0x00,0x00,0x00,0x00,0x0F,0x0A,0x50,0x10,0x14,0x12,0xFA,0x79,0xE9,0x00,0x06,0x01,0x00,0x00,0x00
D0 W[_o][_r]m,0x0DC7,0x0465,0x00,0xD0,0x07,0x83,0x00,0x00,0x00,0x00,0x00,0x32,0x0F,0x50,0x0F,0x00,0x12,0x0A,0x01,0xEA,0x00,0x00,0x01,0x00,0x00,0x00
D1 [_R][_u]i[_n],0x0DC9,0x040F,0x00,0xD1,0x07,0x83,0x00,0x00,0x00,0x00,0x00,0x14,0x17,0x46,0x17,0x23,0x12,0x50,0x47,0xEC,0x00,0x00,0x01,0x00,0x00,0x00
D2 [_J][_o][_r]m[_u][_n][_g][_a][_n][_d],0x0DC8,0x0465,0x00,0xD2,0x07,0x83,0x00,0x00,0x00,0x00,0x00,0x14,0x1E,0x46,0x1E,0x00,0x12,0x23,0x79,0xEB,0x00,0x00,0x01,0x00,0x00,0x00
D3 [_D][_o][_u]l[_a]m,0x0DCA,0x0DCB,0x00,0xD3,0x07,0x83,0x00,0x00,0x00,0x00,0x00,0x08,0x1B,0x3C,0x1B,0x00,0x3A,0x0258,0x79,0xED,0x00,0x0C,0x01,0x00,0x00,0x00
D4 [_R][_e][_q][_u]i[_e]m,0x1002,0x1003,0x00,0xD4,0x00,0x19,0x00,0x00,0x02,0x8AEF78,0x01603BE0,0x1E,0x19,0x5F,0x28,0x00,0x13,0x00,0x00,0xEF,0x00,0x01,0x01,0x00,0x00,0x7F
D5 [_D][_a][_g][_g][_e][_r],0x1004,0x1005,0x00,0xD5,0x00,0x01,0x00,0x00,0x01,0x00,0x00,0x14,0x07,0x4B,0x07,0x00,0x12,0x18,0x00,0xF0,0x00,0x00,0x00,0x00,0x00,0x00
D6 [_S][_p][_e][_e][_d][_SP][_R]i[_n][_g],0xD5,0xD6,0x00,0xD6,0x09,0x18,0x00,0x81,0x00,0x01C1E444,0x00,0x00,0x00,0x00,0x00,0x00,0x00,0x00,0x00,0xF3,0x00,0x00,0x00,0x00,0x00,0x00
D7 [_S][_t][_r][_e][_n][_g][_t][_h][_SP][_R]i[_n][_g],0xD9,0xDA,0x00,0xD7,0x09,0x18,0x00,0x81,0x00,0x017253F4,0x00,0x00,0x00,0x00,0x00,0x00,0x00,0x00,0x00,0xF1,0x00,0x00,0x00,0x00,0x00,0x00
D8 M[_a][_g]i[_c][_SP][_R]i[_n][_g],0xDB,0xDC,0x00,0xD8,0x09,0x18,0x00,0x81,0x00,0x0172544C,0x00,0x00,0x00,0x00,0x00,0x00,0x00,0x00,0x00,0xF2,0x00,0x00,0x00,0x00,0x00,0x00
D9 [_D][_e][_f][_e][_n][_s][_e][_SP][_R]i[_n][_g],0xDD,0xDE,0x00,0xD9,0x09,0x18,0x00,0x81,0x00,0x0172D490,0x00,0x00,0x00,0x00,0x00,0x00,0x00,0x00,0x00,0xF4,0x00,0x00,0x00,0x00,0x00,0x00
DA [_R][_e][_s]i[_s][_t][_a][_n][_c][_e][_SP][_R]i[_n][_g],0xDF,0xE0,0x00,0xDA,0x09,0x18,0x00,0x81,0x00,0x01767854,0x00,0x00,0x00,0x00,0x00,0x00,0x00,0x00,0x00,0xF6,0x00,0x00,0x00,0x00,0x00,0x00
DB [_S][_k]ill[_SP][_R]i[_n][_g],0xE1,0xE2,0x00,0xDB,0x09,0x18,0x00,0x81,0x00,0x01767874,0x00,0x00,0x00,0x00,0x00,0x00,0x00,0x00,0x00,0xF5,0x00,0x00,0x00,0x00,0x00,0x00
DC [_L][_u][_c][_k][_SP][_R]i[_n][_g],0xE3,0xE4,0x00,0xDC,0x09,0x18,0x00,0x81,0x00,0x017678F8,0x00,0x00,0x00,0x00,0x00,0x00,0x00,0x00,0x00,0xF7,0x00,0x00,0x00,0x00,0x00,0x00
DD [_B]l[_a][_c][_k][_f]i[_r][_e],0x5B,0x5E,0x01,0xDD,0x00,0x19,0x20,0x00,0x00,0x00,0x00,0x1E,0x0E,0x64,0x09,0x00,0x12,0x00,0x00,0x8A,0x00,0x01,0x01,0x00,0x00,0x00
DE [_S][_k][_y][_p]i[_e][_r][_c][_e][_r],0xE5,0xE6,0x00,0xDE,0x03,0x91,0x08,0x00,0x00,0x00,0x01C01154,0x05,0x12,0x50,0x14,0x0A,0x3F,0x012C,0x00,0x8B,0x00,0x00,0x00,0x00,0x00,0x00
DF [_H][_e][_a][_v][_y][_SP][_B][_a]lli[_s][_t][_a],0xE7,0xE8,0x00,0xDF,0x03,0x81,0x08,0x00,0x00,0x00,0x01C01154,0x08,0x0E,0x41,0x1E,0x00,0x3A,0x0118,0x00,0x8E,0x00,0x00,0x00,0x00,0x00,0x00
E0 [_L][_a][_s][_t][_SP][_R][_e][_s][_o][_r][_t],0xE9,0xEA,0x00,0xE0,0x03,0x99,0x08,0x00,0x00,0x00,0x01C01154,0x08,0x06,0x37,0x1E,0x00,0x25,0x0118,0x00,0x93,0x00,0x00,0x00,0x00,0x00,0x00
E1 I[_d][_o][_s]'[_SP][_S][_c][_y][_t][_h][_e],0x0372,0x0422,0x00,0xE1,0x0A,0x11,0x81,0x00,0x05,0x018F3884,0x00,0x1E,0x17,0x50,0x09,0x00,0x11,0x0258,0x00,0x62,0x00,0x07,0x00,0x00,0x00,0x24
E2 [_S][_c][_y][_t][_h][_e],0xFD,0xFE,0x00,0xE2,0x0A,0x01,0x01,0x00,0x05,0x018F3898,0x00,0x28,0x08,0x50,0x09,0x00,0x11,0x3C,0x00,0x63,0x00,0x00,0x00,0x00,0x00,0x17
E3 [_B][_r][_u][_t][_a]l[_SP][_S][_c][_y][_t][_h][_e],0xFF,0xFE,0x00,0xE3,0x0A,0x01,0x01,0x00,0x05,0x018F3898,0x00,0x1E,0x19,0x50,0x09,0x00,0x11,0x82,0x00,0x63,0x00,0x00,0x00,0x00,0x00,0x17
E4 [_V][_e][_n][_t][_r]i[_c]l[_e],0x013A,0x013B,0x00,0xE4,0x00,0x01,0x00,0x00,0x07,0x00,0x00,0x1E,0x0E,0x4B,0x0A,0x1E,0x12,0x00,0x00,0x71,0x00,0x00,0x01,0x00,0x00,0x62
E5 [_B][_r][_u][_t][_e][_SP][_S][_c][_r][_o]ll,0x011B,0x011C,0x00,0xE5,0x09,0x18,0x00,0x01,0x00,0x0190F75C,0x00,0x00,0x00,0x00,0x00,0x00,0x00,0x00,0x00,0x99,0x00,0x00,0x00,0x00,0x00,0x00
"E6 ",0x00,0x00,0x00,0xE6,0x00,0x00,0x00,0x00,0x00,0x00,0x00,0x00,0x00,0x00,0x00,0x00,0x00,0x00,0x00,0x00,0x00,0x00,0x00,0x00,0x00,0x00
"E7 ",0x00,0x00,0x00,0x00,0x00,0x00,0x00,0x00,0x00,0x00,0x00,0x00,0x00,0x00,0x00,0x00,0x00,0x00,0x00,0x00,0x00,0x00,0x00,0x00,0x00,0x00
"E8 ",0x00,0x00,0x00,0x00,0x00,0x00,0x00,0x00,0x00,0x00,0x00,0x00,0x00,0x00,0x00,0x00,0x00,0x00,0x00,0x00,0x00,0x00,0x00,0x00,0x00,0x00
"E9 ",0x00,0x00,0x00,0x00,0x00,0x00,0x00,0x00,0x00,0x00,0x00,0x00,0x00,0x00,0x00,0x00,0x00,0x00,0x00,0x00,0x00,0x00,0x00,0x00,0x00,0x00
"EA ",0x00,0x00,0x00,0x00,0x00,0x00,0x00,0x00,0x00,0x00,0x00,0x00,0x00,0x00,0x00,0x00,0x00,0x00,0x00,0x00,0x00,0x00,0x00,0x00,0x00,0x00
"EB ",0x00,0x00,0x00,0x00,0x00,0x00,0x00,0x00,0x00,0x00,0x00,0x00,0x00,0x00,0x00,0x00,0x00,0x00,0x00,0x00,0x00,0x00,0x00,0x00,0x00,0x00
"EC ",0x00,0x00,0x00,0x00,0x00,0x00,0x00,0x00,0x00,0x00,0x00,0x00,0x00,0x00,0x00,0x00,0x00,0x00,0x00,0x00,0x00,0x00,0x00,0x00,0x00,0x00
"ED ",0x00,0x00,0x00,0x00,0x00,0x00,0x00,0x00,0x00,0x00,0x00,0x00,0x00,0x00,0x00,0x00,0x00,0x00,0x00,0x00,0x00,0x00,0x00,0x00,0x00,0x00
"EE ",0x00,0x00,0x00,0x00,0x00,0x00,0x00,0x00,0x00,0x00,0x00,0x00,0x00,0x00,0x00,0x00,0x00,0x00,0x00,0x00,0x00,0x00,0x00,0x00,0x00,0x00
"EF ",0x00,0x00,0x00,0x00,0x00,0x00,0x00,0x00,0x00,0x00,0x00,0x00,0x00,0x00,0x00,0x00,0x00,0x00,0x00,0x00,0x00,0x00,0x00,0x00,0x00,0x00
"F0 ",0x00,0x00,0x00,0x00,0x00,0x00,0x00,0x00,0x00,0x00,0x00,0x00,0x00,0x00,0x00,0x00,0x00,0x00,0x00,0x00,0x00,0x00,0x00,0x00,0x00,0x00
"F1 ",0x00,0x00,0x00,0x00,0x00,0x00,0x00,0x00,0x00,0x00,0x00,0x00,0x00,0x00,0x00,0x00,0x00,0x00,0x00,0x00,0x00,0x00,0x00,0x00,0x00,0x00
"F2 ",0x00,0x00,0x00,0x00,0x00,0x00,0x00,0x00,0x00,0x00,0x00,0x00,0x00,0x00,0x00,0x00,0x00,0x00,0x00,0x00,0x00,0x00,0x00,0x00,0x00,0x00
"F3 ",0x00,0x00,0x00,0x00,0x00,0x00,0x00,0x00,0x00,0x00,0x00,0x00,0x00,0x00,0x00,0x00,0x00,0x00,0x00,0x00,0x00,0x00,0x00,0x00,0x00,0x00
"F4 ",0x00,0x00,0x00,0x00,0x00,0x00,0x00,0x00,0x00,0x00,0x00,0x00,0x00,0x00,0x00,0x00,0x00,0x00,0x00,0x00,0x00,0x00,0x00,0x00,0x00,0x00
"F5 ",0x00,0x00,0x00,0x00,0x00,0x00,0x00,0x00,0x00,0x00,0x00,0x00,0x00,0x00,0x00,0x00,0x00,0x00,0x00,0x00,0x00,0x00,0x00,0x00,0x00,0x00
"F6 ",0x00,0x00,0x00,0x00,0x00,0x00,0x00,0x00,0x00,0x00,0x00,0x00,0x00,0x00,0x00,0x00,0x00,0x00,0x00,0x00,0x00,0x00,0x00,0x00,0x00,0x00
"F7 ",0x00,0x00,0x00,0x00,0x00,0x00,0x00,0x00,0x00,0x00,0x00,0x00,0x00,0x00,0x00,0x00,0x00,0x00,0x00,0x00,0x00,0x00,0x00,0x00,0x00,0x00
"F8 ",0x00,0x00,0x00,0x00,0x00,0x00,0x00,0x00,0x00,0x00,0x00,0x00,0x00,0x00,0x00,0x00,0x00,0x00,0x00,0x00,0x00,0x00,0x00,0x00,0x00,0x00
"F9 ",0x00,0x00,0x00,0x00,0x00,0x00,0x00,0x00,0x00,0x00,0x00,0x00,0x00,0x00,0x00,0x00,0x00,0x00,0x00,0x00,0x00,0x00,0x00,0x00,0x00,0x00
"FA ",0x00,0x00,0x00,0x00,0x00,0x00,0x00,0x00,0x00,0x00,0x00,0x00,0x00,0x00,0x00,0x00,0x00,0x00,0x00,0x00,0x00,0x00,0x00,0x00,0x00,0x00
"FB ",0x00,0x00,0x00,0x00,0x00,0x00,0x00,0x00,0x00,0x00,0x00,0x00,0x00,0x00,0x00,0x00,0x00,0x00,0x00,0x00,0x00,0x00,0x00,0x00,0x00,0x00
"FC ",0x00,0x00,0x00,0x00,0x00,0x00,0x00,0x00,0x00,0x00,0x00,0x00,0x00,0x00,0x00,0x00,0x00,0x00,0x00,0x00,0x00,0x00,0x00,0x00,0x00,0x00
"FD ",0x00,0x00,0x00,0x00,0x00,0x00,0x00,0x00,0x00,0x00,0x00,0x00,0x00,0x00,0x00,0x00,0x00,0x00,0x00,0x00,0x00,0x00,0x00,0x00,0x00,0x00
"FE ",0x00,0x00,0x00,0x00,0x00,0x00,0x00,0x00,0x00,0x00,0x00,0x00,0x00,0x00,0x00,0x00,0x00,0x00,0x00,0x00,0x00,0x00,0x00,0x00,0x00,0x00
"FF ",0xFFFF,0xFFFF,0x00,0xFF,0x09,0x10,0x00,0x00,0x00,0x00,0x00,0x01,0x00,0x00,0x00,0x00,0x00,0x00,0x00,0xEE,0x38,0x00,0x00,0x00,0x00,0x00
